what,kind,bundleId,bundleVersion,description,time
deactivated,workbench,org.eclipse.ui.workbench,3.103.1.v20120906-120042,"",1360652991519
activated,workbench,org.eclipse.ui.workbench,3.103.1.v20120906-120042,"",1360652991686
deactivated,workbench,org.eclipse.ui.workbench,3.103.1.v20120906-120042,"",1360652993709
activated,workbench,org.eclipse.ui.workbench,3.103.1.v20120906-120042,"",1360652995166
deactivated,workbench,org.eclipse.ui.workbench,3.103.1.v20120906-120042,"",1360652995193
closed,view,org.eclipse.debug.ui,3.8.1.v20120718-192144,"org.eclipse.debug.ui.BreakpointView",1360652995928
closed,view,org.eclipse.debug.ui,3.8.1.v20120718-192144,"org.eclipse.debug.ui.VariableView",1360652995940
closed,view,org.eclipse.debug.ui,3.8.1.v20120718-192144,"org.eclipse.debug.ui.DebugView",1360652995953
closed,view,org.eclipse.jdt.ui,3.8.1.v20120814-144251,"org.eclipse.jdt.ui.PackageExplorer",1360652996070
closed,view,org.eclipse.ui.ide,3.8.1.v20120828-165804,"org.eclipse.ui.views.ProblemView",1360652996147
closed,view,org.eclipse.ui.console,3.5.100.v20120521-2012,"org.eclipse.ui.console.ConsoleView",1360652996205
closed,view,org.eclipse.mylyn.tasks.ui,3.6.5.v20120215-0100,"org.eclipse.mylyn.tasks.ui.views.tasks",1360652996270
closed,view,org.eclipse.ui.views,3.6.100.v20120705-114010,"org.eclipse.ui.views.ContentOutline",1360652996297
closed,editor,com.android.ide.eclipse.adt,21.0.1.v201212060256-543035,"com.android.ide.eclipse.editors.CommonXmlEditor",1360652996383
closed,editor,org.eclipse.jdt.ui,3.8.1.v20120814-144251,"org.eclipse.jdt.ui.CompilationUnitEditor",1360652996443
closed,editor,org.eclipse.jdt.ui,3.8.1.v20120814-144251,"org.eclipse.jdt.ui.CompilationUnitEditor",1360652996469
closed,editor,org.eclipse.jdt.ui,3.8.1.v20120814-144251,"org.eclipse.jdt.ui.CompilationUnitEditor",1360652996539
closed,editor,com.android.ide.eclipse.adt,21.0.1.v201212060256-543035,"com.android.ide.eclipse.editors.manifest.ManifestEditor",1360652996595
closed,editor,org.eclipse.jdt.ui,3.8.1.v20120814-144251,"org.eclipse.jdt.ui.CompilationUnitEditor",1360652996628
closed,editor,com.android.ide.eclipse.adt,21.0.1.v201212060256-543035,"com.android.ide.eclipse.editors.manifest.ManifestEditor",1360652996698
closed,editor,org.eclipse.jdt.ui,3.8.1.v20120814-144251,"org.eclipse.jdt.ui.CompilationUnitEditor",1360652996742
closed,editor,org.eclipse.jdt.ui,3.8.1.v20120814-144251,"org.eclipse.jdt.ui.CompilationUnitEditor",1360652996771
closed,editor,org.eclipse.jdt.ui,3.8.1.v20120814-144251,"org.eclipse.jdt.ui.CompilationUnitEditor",1360652996795
closed,editor,org.eclipse.jdt.ui,3.8.1.v20120814-144251,"org.eclipse.jdt.ui.CompilationUnitEditor",1360652996814
closed,editor,com.android.ide.eclipse.adt,21.0.1.v201212060256-543035,"com.android.ide.eclipse.editors.CommonXmlEditor",1360652996838
closed,editor,com.android.ide.eclipse.adt,21.0.1.v201212060256-543035,"com.android.ide.eclipse.editors.CommonXmlEditor",1360652996876
closed,editor,com.android.ide.eclipse.adt,21.0.1.v201212060256-543035,"com.android.ide.eclipse.editors.CommonXmlEditor",1360652996895
closed,editor,com.android.ide.eclipse.adt,21.0.1.v201212060256-543035,"com.android.ide.eclipse.editors.CommonXmlEditor",1360652996914
closed,editor,org.eclipse.jdt.ui,3.8.1.v20120814-144251,"org.eclipse.jdt.ui.CompilationUnitEditor",1360652996950
closed,view,com.android.ide.eclipse.ddms,21.0.1.v201212060256-543035,"com.android.ide.eclipse.ddms.views.LogCatView",1360652997066
stopped,bundle,org.eclipse.pde.api.tools.ui,1.0.400.v20120523-2012,"org.eclipse.pde.api.tools.ui",1360652997629
stopped,bundle,org.eclipse.pde.ds.ui,1.0.200.v20120530-1435,"org.eclipse.pde.ds.ui",1360652997631
stopped,bundle,org.eclipse.pde.runtime,3.4.300.v20120523-1453,"org.eclipse.pde.runtime",1360652997632
stopped,bundle,org.eclipse.pde.ua.ui,1.0.200.v20120523-1453,"org.eclipse.pde.ua.ui",1360652997633
stopped,bundle,org.eclipse.pde.ui.templates,3.4.500.v20120523-2012,"org.eclipse.pde.ui.templates",1360652997634
stopped,bundle,org.eclipse.datatools.connectivity.oda.template.ui,3.2.3.v201201121156,"org.eclipse.datatools.connectivity.oda.template.ui",1360652997635
stopped,bundle,org.eclipse.pde.ui,3.7.1.v20120824-102423,"org.eclipse.pde.ui",1360652997635
stopped,bundle,org.eclipse.jst.j2ee.xdoclet.runtime,1.1.300.v201004280700,"org.eclipse.jst.j2ee.xdoclet.runtime",1360652997636
stopped,bundle,org.eclipse.jst.j2ee.ejb.annotations.xdoclet,1.2.200.v201103302125,"org.eclipse.jst.j2ee.ejb.annotations.xdoclet",1360652997637
stopped,bundle,org.eclipse.jst.server.generic.jboss,1.6.1.v200904151730,"org.eclipse.jst.server.generic.jboss",1360652997638
stopped,bundle,org.eclipse.jst.server.generic.jonas,1.5.205.v200805140145,"org.eclipse.jst.server.generic.jonas",1360652997639
stopped,bundle,org.eclipse.jst.server.generic.oc4j,1.5.206.v20090812,"org.eclipse.jst.server.generic.oc4j",1360652997639
stopped,bundle,org.eclipse.jst.server.websphere.core,1.0.302.v20080620,"org.eclipse.jst.server.websphere.core",1360652997640
stopped,bundle,org.eclipse.jst.server.generic.ui,1.0.505.v20100428,"org.eclipse.jst.server.generic.ui",1360652997641
stopped,bundle,org.eclipse.jst.server.generic.core,1.0.700.v20101219,"org.eclipse.jst.server.generic.core",1360652997642
stopped,bundle,org.eclipse.mylyn.ide.ant,3.6.0.v20110608-1400,"org.eclipse.mylyn.ide.ant",1360652997643
stopped,bundle,org.eclipse.ant.ui,3.5.300.v20120523-1752,"org.eclipse.ant.ui",1360652997644
stopped,bundle,org.eclipse.ant.launching,1.0.200.v20120530-1204,"org.eclipse.ant.launching",1360652997645
stopped,bundle,org.eclipse.equinox.p2.ui.sdk,1.0.200.v20120515-1650,"org.eclipse.equinox.p2.ui.sdk",1360652997646
stopped,bundle,org.eclipse.jst.server.tomcat.ui,1.1.200.v20100418,"org.eclipse.jst.server.tomcat.ui",1360652997647
stopped,bundle,org.eclipse.jst.server.ui,1.1.202.v20110419,"org.eclipse.jst.server.ui",1360652997648
stopped,bundle,org.eclipse.mylyn.java.tasks,3.6.0.v20110608-1400,"org.eclipse.mylyn.java.tasks",1360652997648
stopped,bundle,org.eclipse.mylyn.java.ui,3.6.0.v20110608-1400,"org.eclipse.mylyn.java.ui",1360652997648
stopped,bundle,overlay.com.android.ide.eclipse.adt.overlay,21.0.1.v201212060256-543035,"overlay.com.android.ide.eclipse.adt.overlay",1360652997648
stopped,bundle,com.android.ide.eclipse.adt,21.0.1.v201212060256-543035,"com.android.ide.eclipse.adt",1360652997648
stopped,bundle,org.eclipse.jdt.junit,3.7.100.v20120523-1543,"org.eclipse.jdt.junit",1360652997648
stopped,bundle,org.eclipse.datatools.enablement.sybase.asa.schemaobjecteditor.examples,2.5.0.200810071,"org.eclipse.datatools.enablement.sybase.asa.schemaobjecteditor.examples",1360652997650
stopped,bundle,org.eclipse.datatools.sqltools.debugger.core.ui,1.0.0.v201003161000,"org.eclipse.datatools.sqltools.debugger.core.ui",1360652997651
stopped,bundle,org.eclipse.jst.server.preview.adapter,1.1.100.v20100308,"org.eclipse.jst.server.preview.adapter",1360652997652
stopped,bundle,org.eclipse.wst.xsl.jaxp.debug.ui,1.0.200.v201103081922,"org.eclipse.wst.xsl.jaxp.debug.ui",1360652997653
stopped,bundle,com.objectaid.uml.seq.java,1.0.11,"com.objectaid.uml.seq.java",1360652997654
stopped,bundle,org.eclipse.jdt.debug.ui,3.6.100.v20120530-1425,"org.eclipse.jdt.debug.ui",1360652997654
stopped,bundle,org.eclipse.jpt.dbws.eclipselink.ui,1.0.0.v201104110000,"org.eclipse.jpt.dbws.eclipselink.ui",1360652997655
stopped,bundle,org.eclipse.jpt.jaxb.eclipselink.ui,1.1.0.v201105110000,"org.eclipse.jpt.jaxb.eclipselink.ui",1360652997656
stopped,bundle,org.eclipse.jpt.jaxb.ui,1.1.2.v201201260000,"org.eclipse.jpt.jaxb.ui",1360652997656
stopped,bundle,org.eclipse.jst.j2ee.webservice.ui,1.1.500.v201105122000,"org.eclipse.jst.j2ee.webservice.ui",1360652997658
stopped,bundle,org.eclipse.jst.j2ee.ejb.annotations.ui,1.1.200.v201004290730,"org.eclipse.jst.j2ee.ejb.annotations.ui",1360652997659
stopped,bundle,org.eclipse.jst.ejb.ui,1.1.601.v201201261600,"org.eclipse.jst.ejb.ui",1360652997660
stopped,bundle,org.eclipse.jst.servlet.ui,1.1.502.v201202011054,"org.eclipse.jst.servlet.ui",1360652997661
stopped,bundle,org.eclipse.jst.ws.jaxws.dom.integration,1.0.101.v201201031437,"org.eclipse.jst.ws.jaxws.dom.integration",1360652997662
stopped,bundle,org.eclipse.jst.jee.ui,1.0.401.v201202011107,"org.eclipse.jst.jee.ui",1360652997663
stopped,bundle,org.eclipse.jst.j2ee.navigator.ui,1.1.501.v201107261503,"org.eclipse.jst.j2ee.navigator.ui",1360652997664
stopped,bundle,org.eclipse.jst.jsf.apache.trinidad.tagsupport,1.1.200.v201104061711,"org.eclipse.jst.jsf.apache.trinidad.tagsupport",1360652997665
stopped,bundle,org.eclipse.jst.pagedesigner.jsf.ui,1.2.100.v201104061711,"org.eclipse.jst.pagedesigner.jsf.ui",1360652997666
stopped,bundle,org.eclipse.jst.pagedesigner,1.3.104.v201201181342,"org.eclipse.jst.pagedesigner",1360652997668
stopped,bundle,org.eclipse.wst.dtd.ui,1.0.600.v201103171359,"org.eclipse.wst.dtd.ui",1360652997668
stopped,bundle,org.eclipse.wst.wsdl.ui,1.2.403.v201108240515,"org.eclipse.wst.wsdl.ui",1360652997669
stopped,bundle,org.eclipse.wst.wsi.ui,1.0.502.v201104071820,"org.eclipse.wst.wsi.ui",1360652997669
stopped,bundle,org.eclipse.jst.jsf.facelet.ui,1.0.1.v201104032306,"org.eclipse.jst.jsf.facelet.ui",1360652997670
stopped,bundle,org.eclipse.jst.jsf.facesconfig.ui,1.2.2.v201103292152,"org.eclipse.jst.jsf.facesconfig.ui",1360652997672
stopped,bundle,org.eclipse.jst.jsf.ui,1.3.2.v201104251204,"org.eclipse.jst.jsf.ui",1360652997673
stopped,bundle,org.eclipse.wst.jsdt.web.support.jsp,1.0.400.v201102241833,"org.eclipse.wst.jsdt.web.support.jsp",1360652997674
stopped,bundle,org.eclipse.jst.jsp.ui,1.1.602.v201112071516,"org.eclipse.jst.jsp.ui",1360652997674
stopped,bundle,org.eclipse.wst.jsdt.web.ui,1.0.401.v201108152113,"org.eclipse.wst.jsdt.web.ui",1360652997676
stopped,bundle,org.eclipse.jpt.jpa.eclipselink.ui,2.0.1.v201108080010,"org.eclipse.jpt.jpa.eclipselink.ui",1360652997677
stopped,bundle,org.eclipse.jpt.jpa.ui,3.0.2.v201201243020,"org.eclipse.jpt.jpa.ui",1360652997678
stopped,bundle,org.eclipse.jst.j2ee.jca.ui,1.1.400.v201004150700,"org.eclipse.jst.j2ee.jca.ui",1360652997679
stopped,bundle,org.eclipse.jst.j2ee.ui,1.1.503.v201201190400,"org.eclipse.jst.j2ee.ui",1360652997680
stopped,bundle,org.eclipse.wst.web.ui,1.1.500.v201111030500,"org.eclipse.wst.web.ui",1360652997681
stopped,bundle,org.eclipse.wst.html.ui,1.0.602.v201202091936,"org.eclipse.wst.html.ui",1360652997681
stopped,bundle,org.eclipse.wst.css.ui,1.0.601.v201201101544,"org.eclipse.wst.css.ui",1360652997682
stopped,bundle,org.eclipse.wst.xsl.exslt.ui,1.0.0.v201006012005,"org.eclipse.wst.xsl.exslt.ui",1360652997683
stopped,bundle,org.eclipse.wst.xsl.ui,1.1.200.v201103082057,"org.eclipse.wst.xsl.ui",1360652997683
stopped,bundle,org.eclipse.wst.xml.xpath.ui,1.1.100.v201105030025,"org.eclipse.wst.xml.xpath.ui",1360652997684
stopped,bundle,org.eclipse.wst.xsd.ui,1.2.404.v201105050216,"org.eclipse.wst.xsd.ui",1360652997687
stopped,bundle,org.eclipse.wst.xsl.debug.ui,1.0.200.v201101281837,"org.eclipse.wst.xsl.debug.ui",1360652997687
stopped,bundle,org.eclipse.wst.xml.ui,1.1.202.v201112071516,"org.eclipse.wst.xml.ui",1360652997687
stopped,bundle,org.eclipse.wst.common.ui,1.1.500.v200911190730,"org.eclipse.wst.common.ui",1360652997689
stopped,bundle,org.python.pydev.red_core,2.7.1.2012100913,"org.python.pydev.red_core",1360652997689
stopped,bundle,com.aptana.editor.common,3.0.3.1344461967,"com.aptana.editor.common",1360652997689
stopped,bundle,com.aptana.editor.findbar,3.0.0.1345081752,"com.aptana.editor.findbar",1360652997690
stopped,bundle,com.aptana.formatter.epl,3.2.0.1341616068,"com.aptana.formatter.epl",1360652997691
stopped,bundle,com.aptana.theme,3.0.0.1339679951,"com.aptana.theme",1360652997691
stopped,bundle,com.aptana.scripting,3.0.0.1345071090,"com.aptana.scripting",1360652997691
stopped,bundle,com.aptana.ui,3.1.4.1343174370,"com.aptana.ui",1360652997691
stopped,bundle,com.python.pydev.codecompletion,2.7.1.2012100913,"com.python.pydev.codecompletion",1360652997691
stopped,bundle,com.python.pydev.refactoring,2.7.1.2012100913,"com.python.pydev.refactoring",1360652997692
stopped,bundle,com.python.pydev.analysis,2.7.1.2012100913,"com.python.pydev.analysis",1360652997692
stopped,bundle,com.python.pydev.debug,2.7.1.2012100913,"com.python.pydev.debug",1360652997693
stopped,bundle,com.python.pydev.fastparser,2.7.1.2012100913,"com.python.pydev.fastparser",1360652997693
stopped,bundle,com.python.pydev,2.7.1.2012100913,"com.python.pydev",1360652997694
stopped,bundle,org.eclipse.jdt.apt.ui,3.3.300.v20120522-1651,"org.eclipse.jdt.apt.ui",1360652997695
stopped,bundle,org.python.pydev.mylyn,0.4,"org.python.pydev.mylyn",1360652997695
stopped,bundle,org.python.pydev.django,2.7.1.2012100913,"org.python.pydev.django",1360652997696
stopped,bundle,org.python.pydev.customizations,2.7.1.2012100913,"org.python.pydev.customizations",1360652997696
stopped,bundle,org.python.pydev.debug,2.7.1.2012100913,"org.python.pydev.debug",1360652997696
stopped,bundle,org.python.pydev.refactoring,2.7.1.2012100913,"org.python.pydev.refactoring",1360652997697
stopped,bundle,org.python.pydev,2.7.1.2012100913,"org.python.pydev",1360652997709
stopped,bundle,org.eclipse.jpt.jpa.eclipselink.core,2.0.2.v201111103010,"org.eclipse.jpt.jpa.eclipselink.core",1360652997712
stopped,bundle,org.eclipse.jpt.jpa.core,3.0.2.v201201243020,"org.eclipse.jpt.jpa.core",1360652997718
stopped,bundle,org.eclipse.jpt.jpa.db,2.0.0.v201105030000,"org.eclipse.jpt.jpa.db",1360652997719
stopped,bundle,org.eclipse.datatools.enablement.jdt.classpath,1.0.1.v201107221501,"org.eclipse.datatools.enablement.jdt.classpath",1360652997719
stopped,bundle,org.eclipse.jpt.common.ui,1.0.1.v201201260000,"org.eclipse.jpt.common.ui",1360652997720
stopped,bundle,org.eclipse.jst.common.annotations.ui,1.1.300.v201002081900,"org.eclipse.jst.common.annotations.ui",1360652997721
stopped,bundle,org.eclipse.jst.ws.jaxrs.ui,1.0.401.v201108230518,"org.eclipse.jst.ws.jaxrs.ui",1360652997749
stopped,bundle,org.eclipse.jst.common.project.facet.ui,1.4.200.v201008182133,"org.eclipse.jst.common.project.facet.ui",1360652997775
stopped,bundle,org.eclipse.jst.common.ui,1.0.101.v201201262000,"org.eclipse.jst.common.ui",1360652997784
stopped,bundle,org.eclipse.jst.j2ee.ejb.annotations.emitter,1.1.200.v200909290826,"org.eclipse.jst.j2ee.ejb.annotations.emitter",1360652997793
stopped,bundle,org.eclipse.jst.jsf.common.ui,1.2.100.v201104061711,"org.eclipse.jst.jsf.common.ui",1360652997807
stopped,bundle,org.eclipse.jst.jsf.facelet.core,1.0.100.v201104191527,"org.eclipse.jst.jsf.facelet.core",1360652997822
stopped,bundle,org.eclipse.jst.jsf.core,1.3.105.v201108261005,"org.eclipse.jst.jsf.core",1360652997844
stopped,bundle,org.eclipse.jst.jsf.standard.tagsupport,1.2.100.v201104061711,"org.eclipse.jst.jsf.standard.tagsupport",1360652997860
stopped,bundle,org.eclipse.jst.pagedesigner.jsp.core,1.2.0.v20100308,"org.eclipse.jst.pagedesigner.jsp.core",1360652997866
stopped,bundle,org.eclipse.jst.jsf.common,1.2.3.v201104061039,"org.eclipse.jst.jsf.common",1360652997896
stopped,bundle,org.eclipse.jst.ws.cxf.consumption.core,1.0.0.v201003222311,"org.eclipse.jst.ws.cxf.consumption.core",1360652997898
stopped,bundle,org.eclipse.jst.ws.cxf.creation.core,1.0.100.v201104022153,"org.eclipse.jst.ws.cxf.creation.core",1360652997906
stopped,bundle,org.eclipse.jst.ws.cxf.ui,1.0.0.v201004171919,"org.eclipse.jst.ws.cxf.ui",1360652997921
stopped,bundle,org.eclipse.jst.ws.cxf.core,1.0.100.v201104022153,"org.eclipse.jst.ws.cxf.core",1360652997941
stopped,bundle,org.eclipse.jst.ws.jaxb.core,1.0.100.v201104031139,"org.eclipse.jst.ws.jaxb.core",1360652997954
stopped,bundle,org.eclipse.jst.ws.jaxws.ui,1.0.100.v201104032053,"org.eclipse.jst.ws.jaxws.ui",1360652997954
stopped,bundle,org.eclipse.jst.ws.jaxws.core,1.0.100.v201104031139,"org.eclipse.jst.ws.jaxws.core",1360652997967
stopped,bundle,org.eclipse.jst.ws.annotations.core,1.1.0.v201104031139,"org.eclipse.jst.ws.annotations.core",1360652997967
stopped,bundle,com.objectaid.uml.cls.java,1.0.11,"com.objectaid.uml.cls.java",1360652997967
stopped,bundle,com.objectaid.uml.java,1.0.11,"com.objectaid.uml.java",1360652997968
stopped,bundle,org.eclipse.jdt.ui,3.8.1.v20120814-144251,"org.eclipse.jdt.ui",1360652997968
stopped,bundle,org.eclipse.rse.importexport,1.2.200.v201105021534,"org.eclipse.rse.importexport",1360652997990
stopped,bundle,org.eclipse.rse.subsystems.shells.telnet,1.2.200.v201101042155,"org.eclipse.rse.subsystems.shells.telnet",1360652998004
stopped,bundle,org.eclipse.rse.useractions,1.1.300.v201101042155,"org.eclipse.rse.useractions",1360652998017
stopped,bundle,org.eclipse.rse.shells.ui,3.0.301.R33x_v201107181530,"org.eclipse.rse.shells.ui",1360652998026
stopped,bundle,org.eclipse.rse.files.ui,3.2.1.R33x_v201109141647,"org.eclipse.rse.files.ui",1360652998032
stopped,bundle,org.eclipse.rse.processes.ui,3.0.300.v201101042155,"org.eclipse.rse.processes.ui",1360652998041
stopped,bundle,org.eclipse.wst.jsdt.debug.rhino.ui,1.0.1.v201201112313,"org.eclipse.wst.jsdt.debug.rhino.ui",1360652998042
stopped,bundle,org.eclipse.wst.jsdt.debug.ui,1.0.101.v201201112313,"org.eclipse.wst.jsdt.debug.ui",1360652998049
stopped,bundle,org.eclipse.wst.jsdt.support.firefox,1.0.400.v201008112000,"org.eclipse.wst.jsdt.support.firefox",1360652998064
stopped,bundle,org.eclipse.wst.jsdt.ui,1.1.102.v201201131900,"org.eclipse.wst.jsdt.ui",1360652998064
stopped,bundle,org.eclipse.wst.sse.ui,1.3.2.v201201041522,"org.eclipse.wst.sse.ui",1360652998064
stopped,bundle,org.eclipse.search,3.8.0.v20120523-1540,"org.eclipse.search",1360652998064
stopped,bundle,org.eclipse.datatools.enablement.sybase.asa.ui,1.0.1.v200906111204,"org.eclipse.datatools.enablement.sybase.asa.ui",1360652998071
stopped,bundle,org.eclipse.datatools.enablement.sybase.ase.ui,1.0.1.v200906020900,"org.eclipse.datatools.enablement.sybase.ase.ui",1360652998085
stopped,bundle,org.eclipse.datatools.sqltools.ddlgen.ui,1.0.2.v201201131129,"org.eclipse.datatools.sqltools.ddlgen.ui",1360652998094
stopped,bundle,org.eclipse.datatools.connectivity.ui.dse,1.1.4.v201107221459,"org.eclipse.datatools.connectivity.ui.dse",1360652998095
stopped,bundle,org.eclipse.mylyn.commons.team,0.8.0.v20110608-1400,"org.eclipse.mylyn.commons.team",1360652998095
stopped,bundle,org.eclipse.mylyn.team.ui,3.6.1.v20110825-0100,"org.eclipse.mylyn.team.ui",1360652998095
stopped,bundle,org.eclipse.ui.navigator.resources,3.4.400.v20120705-114010,"org.eclipse.ui.navigator.resources",1360652998113
stopped,bundle,org.eclipse.ltk.ui.refactoring,3.7.0.v20120523-1543,"org.eclipse.ltk.ui.refactoring",1360652998113
stopped,bundle,org.eclipse.team.cvs.ui,3.3.500.v20120522-1148,"org.eclipse.team.cvs.ui",1360652998113
stopped,bundle,org.eclipse.team.ui,3.6.200.v20120522-1148,"org.eclipse.team.ui",1360652998113
stopped,bundle,org.eclipse.mylyn.bugzilla.ui,3.6.0.v20110608-1400,"org.eclipse.mylyn.bugzilla.ui",1360652998113
stopped,bundle,org.eclipse.mylyn.ide.ui,3.6.0.v20110608-1400,"org.eclipse.mylyn.ide.ui",1360652998113
stopped,bundle,org.eclipse.mylyn.resources.ui,3.6.0.v20110608-1400,"org.eclipse.mylyn.resources.ui",1360652998114
stopped,bundle,org.eclipse.mylyn.wikitext.tasks.ui,1.5.0.v20110608-1400,"org.eclipse.mylyn.wikitext.tasks.ui",1360652998115
stopped,bundle,org.eclipse.mylyn.context.ui,3.6.1.v20120112-0100,"org.eclipse.mylyn.context.ui",1360652998115
activated,perspective,org.eclipse.jdt.ui,,"org.eclipse.jdt.ui.JavaPerspective",1360728827660
started,bundle,org.eclipse.osgi,3.8.1.v20120830-144521,"org.eclipse.osgi",1360728827661
started,bundle,com.ibm.icu,4.4.2.v20110823,"com.ibm.icu",1360728827690
started,bundle,org.apache.felix.gogo.command,0.8.0.v201108120515,"org.apache.felix.gogo.command",1360728827729
started,bundle,org.apache.felix.gogo.runtime,0.8.0.v201108120515,"org.apache.felix.gogo.runtime",1360728827756
started,bundle,org.apache.felix.gogo.shell,0.8.0.v201110170705,"org.apache.felix.gogo.shell",1360728827757
started,bundle,org.eclipse.compare.core,3.5.200.v20120522-1148,"org.eclipse.compare.core",1360728827758
started,bundle,org.eclipse.core.contenttype,3.4.200.v20120523-2004,"org.eclipse.core.contenttype",1360728827811
started,bundle,org.eclipse.core.databinding.observable,1.4.1.v20120521-2329,"org.eclipse.core.databinding.observable",1360728827856
started,bundle,org.eclipse.core.filebuffers,3.5.200.v20120523-1310,"org.eclipse.core.filebuffers",1360728827902
started,bundle,org.eclipse.core.filesystem,1.3.200.v20120522-2012,"org.eclipse.core.filesystem",1360728827902
started,bundle,org.eclipse.core.net,1.2.200.v20120522-1148,"org.eclipse.core.net",1360728827903
started,bundle,org.eclipse.core.runtime,3.8.0.v20120521-2346,"org.eclipse.core.runtime",1360728827954
started,bundle,org.eclipse.core.runtime.compatibility,3.2.200.v20120521-2346,"org.eclipse.core.runtime.compatibility",1360728828015
started,bundle,org.eclipse.core.variables,3.2.600.v20120521-2012,"org.eclipse.core.variables",1360728828016
started,bundle,org.eclipse.debug.core,3.7.100.v20120521-2012,"org.eclipse.debug.core",1360728828068
started,bundle,org.eclipse.e4.core.commands,0.10.1.v20120523-1955,"org.eclipse.e4.core.commands",1360728828069
started,bundle,org.eclipse.e4.core.services,1.0.0.v20120521-2346,"org.eclipse.e4.core.services",1360728828069
started,bundle,org.eclipse.e4.ui.di,0.10.1.v20120523-1955,"org.eclipse.e4.ui.di",1360728828123
started,bundle,org.eclipse.e4.ui.model.workbench,0.10.1.v20120523-1955,"org.eclipse.e4.ui.model.workbench",1360728828168
started,bundle,org.eclipse.equinox.app,1.3.100.v20120522-1841,"org.eclipse.equinox.app",1360728828183
started,bundle,org.eclipse.equinox.common,3.6.100.v20120522-1841,"org.eclipse.equinox.common",1360728828210
started,bundle,org.eclipse.equinox.console,1.0.0.v20120522-1841,"org.eclipse.equinox.console",1360728828241
started,bundle,org.eclipse.equinox.ds,1.4.0.v20120522-1841,"org.eclipse.equinox.ds",1360728828294
started,bundle,org.eclipse.equinox.event,1.2.200.v20120522-2049,"org.eclipse.equinox.event",1360728828294
started,bundle,org.eclipse.equinox.p2.core,2.2.0.v20120430-0525,"org.eclipse.equinox.p2.core",1360728828295
started,bundle,org.eclipse.equinox.p2.directorywatcher,1.0.300.v20110808-1657,"org.eclipse.equinox.p2.directorywatcher",1360728828336
started,bundle,org.eclipse.equinox.p2.engine,2.2.0.v20120501-1502,"org.eclipse.equinox.p2.engine",1360728828381
started,bundle,org.eclipse.equinox.p2.metadata,2.1.0.v20120430-2001,"org.eclipse.equinox.p2.metadata",1360728828461
started,bundle,org.eclipse.equinox.p2.metadata.repository,1.2.100.v20120524-1717,"org.eclipse.equinox.p2.metadata.repository",1360728828495
started,bundle,org.eclipse.equinox.p2.operations,2.2.0.v20120524-0542,"org.eclipse.equinox.p2.operations",1360728828496
started,bundle,org.eclipse.equinox.p2.reconciler.dropins,1.1.200.v20120301-2145,"org.eclipse.equinox.p2.reconciler.dropins",1360728828542
started,bundle,org.eclipse.equinox.p2.repository,2.2.0.v20120524-1945,"org.eclipse.equinox.p2.repository",1360728828584
started,bundle,org.eclipse.equinox.p2.ui.sdk.scheduler,1.1.0.v20110815-1744,"org.eclipse.equinox.p2.ui.sdk.scheduler",1360728828585
started,bundle,org.eclipse.equinox.p2.updatechecker,1.1.200.v20110808-1657,"org.eclipse.equinox.p2.updatechecker",1360728828585
started,bundle,org.eclipse.equinox.preferences,3.5.0.v20120522-1841,"org.eclipse.equinox.preferences",1360728828626
started,bundle,org.eclipse.equinox.registry,3.5.200.v20120522-1841,"org.eclipse.equinox.registry",1360728828680
started,bundle,org.eclipse.equinox.security,1.1.100.v20120522-1841,"org.eclipse.equinox.security",1360728828702
started,bundle,org.eclipse.equinox.util,1.0.400.v20120522-2049,"org.eclipse.equinox.util",1360728828764
started,bundle,org.eclipse.help,3.6.0.v20120521-2344,"org.eclipse.help",1360728828848
started,bundle,org.eclipse.jdt.apt.core,3.3.500.v20120522-1651,"org.eclipse.jdt.apt.core",1360728828885
started,bundle,org.eclipse.jdt.apt.pluggable.core,1.0.400.v20120522-1651,"org.eclipse.jdt.apt.pluggable.core",1360728828886
started,bundle,org.eclipse.jdt.core.manipulation,1.5.0.v20120523-1543,"org.eclipse.jdt.core.manipulation",1360728828925
started,bundle,org.eclipse.jdt.launching,3.6.100.v20120523-1953,"org.eclipse.jdt.launching",1360728828951
started,bundle,org.eclipse.jsch.core,1.1.400.v20120522-1148,"org.eclipse.jsch.core",1360728828952
started,bundle,org.eclipse.ltk.core.refactoring,3.6.0.v20120523-1543,"org.eclipse.ltk.core.refactoring",1360728828982
started,bundle,org.eclipse.ltk.ui.refactoring,3.7.0.v20120523-1543,"org.eclipse.ltk.ui.refactoring",1360728829040
started,bundle,org.eclipse.pde.launching,3.6.100.v20120605-203027,"org.eclipse.pde.launching",1360728829087
started,bundle,org.eclipse.search,3.8.0.v20120523-1540,"org.eclipse.search",1360728829169
started,bundle,org.eclipse.team.core,3.6.100.v20120524-0627,"org.eclipse.team.core",1360728829198
started,bundle,org.eclipse.team.cvs.core,3.3.500.v20120522-1148,"org.eclipse.team.cvs.core",1360728829260
started,bundle,org.eclipse.team.cvs.ui,3.3.500.v20120522-1148,"org.eclipse.team.cvs.ui",1360728829334
started,bundle,org.eclipse.team.ui,3.6.200.v20120522-1148,"org.eclipse.team.ui",1360728829404
started,bundle,org.eclipse.ui.console,3.5.100.v20120521-2012,"org.eclipse.ui.console",1360728829443
started,bundle,org.eclipse.ui.editors,3.8.0.v20120523-1540,"org.eclipse.ui.editors",1360728829443
started,bundle,org.eclipse.ui.views.log,1.0.300.v20120530-1435,"org.eclipse.ui.views.log",1360728829490
started,bundle,org.eclipse.ui.workbench.texteditor,3.8.0.v20120523-1310,"org.eclipse.ui.workbench.texteditor",1360728829548
started,bundle,org.eclipse.update.configurator,3.3.200.v20120523-1752,"org.eclipse.update.configurator",1360728829582
started,bundle,beaver,3.0.0.1330991996,"beaver",1360728829624
started,bundle,com.aptana.core,3.0.4.1345071090,"com.aptana.core",1360728829661
started,bundle,com.aptana.filewatcher,3.0.1.1337406272,"com.aptana.filewatcher",1360728829706
started,bundle,com.aptana.scripting,3.0.0.1345071090,"com.aptana.scripting",1360728829781
started,bundle,com.aptana.theme,3.0.0.1339679951,"com.aptana.theme",1360728829820
started,bundle,com.aptana.usage,3.0.0.1345235597,"com.aptana.usage",1360728829821
started,bundle,org.eclipse.equinox.simpleconfigurator,1.0.301.v20120828-033635,"org.eclipse.equinox.simpleconfigurator",1360728829860
started,bundle,org.eclipse.core.expressions,3.4.401.v20120627-124442,"org.eclipse.core.expressions",1360728829873
started,bundle,org.eclipse.core.jobs,3.5.300.v20120622-204750,"org.eclipse.core.jobs",1360728829897
started,bundle,org.eclipse.core.resources,3.8.1.v20120802-154922,"org.eclipse.core.resources",1360728829957
started,bundle,org.eclipse.e4.core.contexts,1.1.0.v20120828-170404,"org.eclipse.e4.core.contexts",1360728830002
started,bundle,org.eclipse.e4.core.di,1.1.0.v20120627-124443,"org.eclipse.e4.core.di",1360728830003
started,bundle,org.eclipse.e4.ui.bindings,0.10.1.v20120716-173435,"org.eclipse.e4.ui.bindings",1360728830004
started,bundle,org.eclipse.e4.ui.css.swt,0.10.2.v20120821-165957,"org.eclipse.e4.ui.css.swt",1360728830062
started,bundle,org.eclipse.e4.ui.css.swt.theme,0.9.3.v20120806-170624,"org.eclipse.e4.ui.css.swt.theme",1360728830086
started,bundle,org.eclipse.e4.ui.services,0.10.2.v20120726-172631,"org.eclipse.e4.ui.services",1360728830087
started,bundle,org.eclipse.e4.ui.workbench,0.10.3.v20120822-140642,"org.eclipse.e4.ui.workbench",1360728830199
